{
    "characcuracy": 99.81999969482422,
    "charerrors": 1,
    "comments": "",
    "rating": 5,
    "wordaccuracy": 98.27999877929688,
    "worderrors": 1
}
